{
    "foreground_intensity_properties_per_channel": {
        "0": {
            "max": 8733.0,
            "mean": 213.5057830810547,
            "median": 215.0,
            "min": -2048.0,
            "percentile_00_5": -18.0,
            "percentile_99_5": 520.0,
            "std": 110.8023910522461
        }
    },
    "median_relative_size_after_cropping": 1.0,
    "shapes_after_crop": [
        [
            724,
            435,
            435
        ],
        [
            715,
            516,
            516
        ],
        [
            801,
            400,
            400
        ],
        [
            725,
            500,
            500
        ],
        [
            713,
            476,
            476
        ],
        [
            800,
            490,
            490
        ],
        [
            736,
            437,
            437
        ],
        [
            696,
            400,
            400
        ],
        [
            659,
            400,
            400
        ],
        [
            697,
            400,
            400
        ],
        [
            656,
            447,
            447
        ],
        [
            676,
            400,
            400
        ],
        [
            578,
            437,
            437
        ],
        [
            715,
            453,
            453
        ],
        [
            633,
            439,
            439
        ],
        [
            667,
            439,
            439
        ],
        [
            699,
            455,
            455
        ],
        [
            687,
            455,
            455
        ],
        [
            746,
            410,
            410
        ],
        [
            697,
            471,
            471
        ],
        [
            618,
            500,
            500
        ],
        [
            718,
            453,
            453
        ],
        [
            763,
            488,
            488
        ],
        [
            682,
            500,
            500
        ],
        [
            743,
            490,
            490
        ],
        [
            701,
            423,
            423
        ],
        [
            709,
            412,
            412
        ],
        [
            713,
            392,
            392
        ],
        [
            783,
            420,
            420
        ],
        [
            696,
            482,
            482
        ],
        [
            697,
            433,
            433
        ],
        [
            639,
            476,
            476
        ],
        [
            749,
            498,
            498
        ],
        [
            628,
            400,
            400
        ],
        [
            650,
            400,
            400
        ],
        [
            641,
            418,
            418
        ],
        [
            701,
            468,
            468
        ],
        [
            714,
            466,
            466
        ],
        [
            726,
            471,
            471
        ],
        [
            663,
            490,
            490
        ],
        [
            701,
            423,
            423
        ],
        [
            627,
            496,
            496
        ],
        [
            655,
            457,
            457
        ],
        [
            663,
            400,
            400
        ],
        [
            770,
            502,
            502
        ],
        [
            644,
            430,
            430
        ],
        [
            661,
            423,
            423
        ],
        [
            697,
            389,
            389
        ],
        [
            659,
            490,
            490
        ],
        [
            711,
            425,
            425
        ],
        [
            733,
            449,
            449
        ],
        [
            613,
            468,
            468
        ],
        [
            711,
            500,
            500
        ],
        [
            683,
            476,
            476
        ],
        [
            685,
            400,
            400
        ],
        [
            723,
            400,
            400
        ],
        [
            765,
            473,
            473
        ],
        [
            718,
            400,
            400
        ],
        [
            662,
            500,
            500
        ],
        [
            699,
            443,
            443
        ],
        [
            657,
            400,
            400
        ],
        [
            617,
            412,
            412
        ],
        [
            697,
            400,
            400
        ],
        [
            623,
            400,
            400
        ],
        [
            655,
            504,
            504
        ],
        [
            501,
            453,
            453
        ],
        [
            589,
            500,
            500
        ],
        [
            631,
            453,
            453
        ],
        [
            745,
            480,
            480
        ],
        [
            689,
            480,
            480
        ],
        [
            749,
            492,
            492
        ],
        [
            635,
            400,
            400
        ],
        [
            766,
            463,
            463
        ],
        [
            743,
            443,
            443
        ],
        [
            737,
            430,
            430
        ],
        [
            627,
            360,
            360
        ],
        [
            681,
            428,
            428
        ],
        [
            686,
            394,
            394
        ],
        [
            639,
            400,
            400
        ],
        [
            667,
            422,
            422
        ],
        [
            702,
            458,
            458
        ],
        [
            733,
            435,
            435
        ],
        [
            500,
            453,
            453
        ],
        [
            637,
            359,
            359
        ],
        [
            795,
            464,
            464
        ],
        [
            610,
            353,
            353
        ],
        [
            704,
            403,
            403
        ],
        [
            651,
            401,
            401
        ],
        [
            629,
            454,
            454
        ],
        [
            721,
            473,
            473
        ],
        [
            687,
            396,
            396
        ],
        [
            701,
            490,
            490
        ],
        [
            703,
            451,
            451
        ],
        [
            743,
            447,
            447
        ],
        [
            745,
            432,
            432
        ],
        [
            739,
            391,
            391
        ],
        [
            663,
            473,
            473
        ],
        [
            659,
            402,
            402
        ],
        [
            601,
            437,
            437
        ],
        [
            583,
            380,
            380
        ]
    ],